"2019/06/01,com.foo.bar,AT,2,0,0.000,0,0.000,0,0.000,0,0.000,0,0.000"
"2019/06/01,com.foo.bar,AU,3,2,0.667,2,1.000,2,1.000,2,1.000,2,1.000"
"2019/06/01,com.foo.bar,BR,1,1,1.000,1,1.000,1,1.000,1,1.000,1,1.000"
"2019/06/01,com.foo.bar,CA,7,3,0.429,3,1.000,3,1.000,3,1.000,3,1.000"
"2019/06/01,com.foo.bar,CY,1,0,0.000,0,0.000,0,0.000,0,0.000,0,0.000"
"2019/06/01,com.foo.bar,CZ,1,1,1.000,0,0.000,0,0.000,0,0.000,0,0.000"
"2019/06/01,com.foo.bar,DE,3,1,0.333,1,1.000,1,1.000,1,1.000,1,1.000"
"2019/06/01,com.foo.bar,FI,2,2,1.000,2,1.000,2,1.000,2,1.000,2,1.000"
"2019/06/01,com.foo.bar,FR,2,1,0.500,1,1.000,1,1.000,1,1.000,1,1.000"
"2019/06/01,com.foo.bar,GB,4,1,0.250,1,1.000,1,1.000,1,1.000,1,1.000"
"2019/06/01,com.foo.bar,HU,1,0,0.000,0,0.000,0,0.000,0,0.000,0,0.000"
"2019/06/01,com.foo.bar,ID,1,0,0.000,0,0.000,0,0.000,0,0.000,0,0.000"
"2019/06/01,com.foo.bar,IL,1,1,1.000,0,0.000,0,0.000,0,0.000,0,0.000"
"2019/06/01,com.foo.bar,IN,10,1,0.100,0,0.000,0,0.000,0,0.000,0,0.000"
"2019/06/01,com.foo.bar,IT,1,0,0.000,0,0.000,0,0.000,0,0.000,0,0.000"
"2019/06/01,com.foo.bar,LB,1,0,0.000,0,0.000,0,0.000,0,0.000,0,0.000"
"2019/06/01,com.foo.bar,LK,1,0,0.000,0,0.000,0,0.000,0,0.000,0,0.000"
"2019/06/01,com.foo.bar,LT,1,0,0.000,0,0.000,0,0.000,0,0.000,0,0.000"
"2019/06/01,com.foo.bar,LV,1,0,0.000,0,0.000,0,0.000,0,0.000,0,0.000"
"2019/06/01,com.foo.bar,MY,2,1,0.500,1,1.000,1,1.000,1,1.000,0,0.000"
"2019/06/01,com.foo.bar,NA,1,0,0.000,0,0.000,0,0.000,0,0.000,0,0.000"
"2019/06/01,com.foo.bar,NG,1,0,0.000,0,0.000,0,0.000,0,0.000,0,0.000"
"2019/06/01,com.foo.bar,NL,1,1,1.000,0,0.000,0,0.000,0,0.000,0,0.000"
"2019/06/01,com.foo.bar,NZ,2,2,1.000,1,0.500,0,0.000,0,0.000,0,0.000"
"2019/06/01,com.foo.bar,PA,1,0,0.000,0,0.000,0,0.000,0,0.000,0,0.000"
"2019/06/01,com.foo.bar,PH,2,1,0.500,0,0.000,0,0.000,0,0.000,0,0.000"
"2019/06/01,com.foo.bar,PL,2,0,0.000,0,0.000,0,0.000,0,0.000,0,0.000"
"2019/06/01,com.foo.bar,RS,1,0,0.000,0,0.000,0,0.000,0,0.000,0,0.000"
"2019/06/01,com.foo.bar,SE,1,1,1.000,0,0.000,0,0.000,0,0.000,0,0.000"
"2019/06/01,com.foo.bar,SI,2,0,0.000,0,0.000,0,0.000,0,0.000,0,0.000"
"2019/06/01,com.foo.bar,UA,2,0,0.000,0,0.000,0,0.000,0,0.000,0,0.000"
"2019/06/01,com.foo.bar,,1,0,0.000,0,0.000,0,0.000,0,0.000,0,0.000"
"2019/06/01,com.foo.bar,US,190,58,0.305,35,0.603,30,0.517,25,0.431,23,0.397"
"2019/06/02,com.foo.bar,AT,1,0,0.000,0,0.000,0,0.000,0,0.000,0,0.000"
"2019/06/02,com.foo.bar,AU,2,1,0.500,0,0.000,0,0.000,0,0.000,0,0.000"
"2019/06/02,com.foo.bar,BE,1,0,0.000,0,0.000,0,0.000,0,0.000,0,0.000"
"2019/06/02,com.foo.bar,BR,2,1,0.500,0,0.000,0,0.000,0,0.000,0,0.000"
"2019/06/02,com.foo.bar,CA,1,0,0.000,0,0.000,0,0.000,0,0.000,0,0.000"
"2019/06/02,com.foo.bar,CM,1,0,0.000,0,0.000,0,0.000,0,0.000,0,0.000"
"2019/06/02,com.foo.bar,DE,2,0,0.000,0,0.000,0,0.000,0,0.000,0,0.000"
"2019/06/02,com.foo.bar,ES,1,1,1.000,0,0.000,0,0.000,0,0.000,0,0.000"
"2019/06/02,com.foo.bar,FR,2,0,0.000,0,0.000,0,0.000,0,0.000,0,0.000"
"2019/06/02,com.foo.bar,GB,5,2,0.400,1,0.500,1,0.500,1,0.500,1,0.500"
"2019/06/02,com.foo.bar,HK,1,1,1.000,0,0.000,0,0.000,0,0.000,0,0.000"
"2019/06/02,com.foo.bar,ID,2,0,0.000,0,0.000,0,0.000,0,0.000,0,0.000"
"2019/06/02,com.foo.bar,IN,15,3,0.200,1,0.333,1,0.333,1,0.333,1,0.333"
"2019/06/02,com.foo.bar,IT,1,0,0.000,0,0.000,0,0.000,0,0.000,0,0.000"
"2019/06/02,com.foo.bar,JM,1,0,0.000,0,0.000,0,0.000,0,0.000,0,0.000"
"2019/06/02,com.foo.bar,NG,2,1,0.500,0,0.000,0,0.000,0,0.000,0,0.000"
"2019/06/02,com.foo.bar,NL,1,0,0.000,0,0.000,0,0.000,0,0.000,0,0.000"
"2019/06/02,com.foo.bar,NZ,1,0,0.000,0,0.000,0,0.000,0,0.000,0,0.000"
"2019/06/02,com.foo.bar,PT,1,1,1.000,0,0.000,0,0.000,0,0.000,0,0.000"
"2019/06/02,com.foo.bar,RO,1,0,0.000,0,0.000,0,0.000,0,0.000,0,0.000"
"2019/06/02,com.foo.bar,SI,1,0,0.000,0,0.000,0,0.000,0,0.000,0,0.000"
"2019/06/02,com.foo.bar,TR,1,0,0.000,0,0.000,0,0.000,0,0.000,0,0.000"
"2019/06/02,com.foo.bar,UA,1,1,1.000,0,0.000,0,0.000,0,0.000,0,0.000"
"2019/06/02,com.foo.bar,US,159,42,0.264,31,0.738,25,0.595,23,0.548,18,0.429"
"2019/06/02,com.foo.bar,ZA,1,0,0.000,0,0.000,0,0.000,0,0.000,0,0.000"
"2019/06/03,com.foo.bar,AU,3,2,0.667,2,1.000,2,1.000,2,1.000,2,1.000"
"2019/06/03,com.foo.bar,BE,1,0,0.000,0,0.000,0,0.000,0,0.000,0,0.000"
"2019/06/03,com.foo.bar,BR,2,0,0.000,0,0.000,0,0.000,0,0.000,0,0.000"
"2019/06/03,com.foo.bar,BS,1,1,1.000,0,0.000,0,0.000,0,0.000,0,0.000"
"2019/06/03,com.foo.bar,BY,1,0,0.000,0,0.000,0,0.000,0,0.000,0,0.000"
"2019/06/03,com.foo.bar,CA,3,0,0.000,0,0.000,0,0.000,0,0.000,0,0.000"
"2019/06/03,com.foo.bar,CN,1,0,0.000,0,0.000,0,0.000,0,0.000,0,0.000"
"2019/06/03,com.foo.bar,DE,1,0,0.000,0,0.000,0,0.000,0,0.000,0,0.000"
"2019/06/03,com.foo.bar,EE,1,0,0.000,0,0.000,0,0.000,0,0.000,0,0.000"
"2019/06/03,com.foo.bar,ES,1,0,0.000,0,0.000,0,0.000,0,0.000,0,0.000"
"2019/06/03,com.foo.bar,FR,2,0,0.000,0,0.000,0,0.000,0,0.000,0,0.000"
"2019/06/03,com.foo.bar,GB,5,1,0.200,1,1.000,0,0.000,0,0.000,0,0.000"
"2019/06/03,com.foo.bar,GR,1,1,1.000,1,1.000,0,0.000,0,0.000,0,0.000"
"2019/06/03,com.foo.bar,HU,1,0,0.000,0,0.000,0,0.000,0,0.000,0,0.000"
"2019/06/03,com.foo.bar,ID,1,0,0.000,0,0.000,0,0.000,0,0.000,0,0.000"
"2019/06/03,com.foo.bar,IE,1,0,0.000,0,0.000,0,0.000,0,0.000,0,0.000"
"2019/06/03,com.foo.bar,IN,18,5,0.278,1,0.200,1,0.200,1,0.200,1,0.200"
"2019/06/03,com.foo.bar,IR,1,0,0.000,0,0.000,0,0.000,0,0.000,0,0.000"
"2019/06/03,com.foo.bar,IT,1,0,0.000,0,0.000,0,0.000,0,0.000,0,0.000"
"2019/06/03,com.foo.bar,KE,1,0,0.000,0,0.000,0,0.000,0,0.000,0,0.000"
"2019/06/03,com.foo.bar,KR,1,0,0.000,0,0.000,0,0.000,0,0.000,0,0.000"
"2019/06/03,com.foo.bar,LK,1,0,0.000,0,0.000,0,0.000,0,0.000,0,0.000"
"2019/06/03,com.foo.bar,MY,1,0,0.000,0,0.000,0,0.000,0,0.000,0,0.000"
"2019/06/03,com.foo.bar,NL,6,3,0.500,3,1.000,3,1.000,3,1.000,3,1.000"
"2019/06/03,com.foo.bar,OM,1,0,0.000,0,0.000,0,0.000,0,0.000,0,0.000"
"2019/06/03,com.foo.bar,PH,1,1,1.000,0,0.000,0,0.000,0,0.000,0,0.000"
"2019/06/03,com.foo.bar,PK,1,1,1.000,1,1.000,1,1.000,1,1.000,1,1.000"
"2019/06/03,com.foo.bar,RU,4,1,0.250,1,1.000,1,1.000,1,1.000,1,1.000"
"2019/06/03,com.foo.bar,SI,1,0,0.000,0,0.000,0,0.000,0,0.000,0,0.000"
"2019/06/03,com.foo.bar,UA,1,0,0.000,0,0.000,0,0.000,0,0.000,0,0.000"
"2019/06/03,com.foo.bar,,1,1,1.000,0,0.000,0,0.000,0,0.000,0,0.000"
"2019/06/03,com.foo.bar,US,166,44,0.265,32,0.727,23,0.523,20,0.455,17,0.386"
"2019/06/03,com.foo.bar,ZA,3,1,0.333,1,1.000,1,1.000,1,1.000,1,1.000"
"2019/06/04,com.foo.bar,AE,1,0,0.000,0,0.000,0,0.000,0,0.000,0,0.000"
"2019/06/04,com.foo.bar,AU,6,3,0.500,2,0.667,2,0.667,2,0.667,1,0.333"
"2019/06/04,com.foo.bar,BR,2,0,0.000,0,0.000,0,0.000,0,0.000,0,0.000"
"2019/06/04,com.foo.bar,CA,6,2,0.333,1,0.500,0,0.000,0,0.000,0,0.000"
"2019/06/04,com.foo.bar,CH,1,0,0.000,0,0.000,0,0.000,0,0.000,0,0.000"
"2019/06/04,com.foo.bar,CM,1,0,0.000,0,0.000,0,0.000,0,0.000,0,0.000"
"2019/06/04,com.foo.bar,CZ,1,1,1.000,1,1.000,1,1.000,1,1.000,0,0.000"
"2019/06/04,com.foo.bar,DE,2,1,0.500,1,1.000,1,1.000,0,0.000,0,0.000"
"2019/06/04,com.foo.bar,DK,1,0,0.000,0,0.000,0,0.000,0,0.000,0,0.000"
"2019/06/04,com.foo.bar,FR,2,0,0.000,0,0.000,0,0.000,0,0.000,0,0.000"
"2019/06/04,com.foo.bar,GB,5,1,0.200,1,1.000,1,1.000,1,1.000,1,1.000"
"2019/06/04,com.foo.bar,ID,1,1,1.000,1,1.000,1,1.000,1,1.000,0,0.000"
"2019/06/04,com.foo.bar,IE,1,0,0.000,0,0.000,0,0.000,0,0.000,0,0.000"
"2019/06/04,com.foo.bar,IN,18,2,0.111,0,0.000,0,0.000,0,0.000,0,0.000"
"2019/06/04,com.foo.bar,KR,1,1,1.000,1,1.000,1,1.000,1,1.000,1,1.000"
"2019/06/04,com.foo.bar,LT,1,1,1.000,1,1.000,1,1.000,1,1.000,1,1.000"
"2019/06/04,com.foo.bar,NZ,1,0,0.000,0,0.000,0,0.000,0,0.000,0,0.000"
"2019/06/04,com.foo.bar,PH,1,0,0.000,0,0.000,0,0.000,0,0.000,0,0.000"
"2019/06/04,com.foo.bar,PK,2,1,0.500,0,0.000,0,0.000,0,0.000,0,0.000"
"2019/06/04,com.foo.bar,RE,1,0,0.000,0,0.000,0,0.000,0,0.000,0,0.000"
"2019/06/04,com.foo.bar,SK,1,0,0.000,0,0.000,0,0.000,0,0.000,0,0.000"
"2019/06/04,com.foo.bar,TH,1,0,0.000,0,0.000,0,0.000,0,0.000,0,0.000"
"2019/06/04,com.foo.bar,TR,1,0,0.000,0,0.000,0,0.000,0,0.000,0,0.000"
"2019/06/04,com.foo.bar,US,207,56,0.271,33,0.589,27,0.482,21,0.375,16,0.286"
"2019/06/04,com.foo.bar,UZ,1,0,0.000,0,0.000,0,0.000,0,0.000,0,0.000"
"2019/06/04,com.foo.bar,ZA,1,0,0.000,0,0.000,0,0.000,0,0.000,0,0.000"
"2019/06/05,com.foo.bar,AE,1,0,0.000,0,0.000,0,0.000,0,0.000,0,0.000"
"2019/06/05,com.foo.bar,AT,1,1,1.000,1,1.000,1,1.000,0,0.000,0,0.000"
"2019/06/05,com.foo.bar,AU,3,2,0.667,1,0.500,0,0.000,0,0.000,0,0.000"
"2019/06/05,com.foo.bar,BR,1,0,0.000,0,0.000,0,0.000,0,0.000,0,0.000"
"2019/06/05,com.foo.bar,CH,1,0,0.000,0,0.000,0,0.000,0,0.000,0,0.000"
"2019/06/05,com.foo.bar,DE,1,0,0.000,0,0.000,0,0.000,0,0.000,0,0.000"
"2019/06/05,com.foo.bar,DZ,1,0,0.000,0,0.000,0,0.000,0,0.000,0,0.000"
"2019/06/05,com.foo.bar,ES,1,0,0.000,0,0.000,0,0.000,0,0.000,0,0.000"
"2019/06/05,com.foo.bar,FI,1,0,0.000,0,0.000,0,0.000,0,0.000,0,0.000"
"2019/06/05,com.foo.bar,FR,1,1,1.000,1,1.000,1,1.000,1,1.000,1,1.000"
"2019/06/05,com.foo.bar,GB,6,1,0.167,1,1.000,1,1.000,1,1.000,1,1.000"
"2019/06/05,com.foo.bar,HK,1,0,0.000,0,0.000,0,0.000,0,0.000,0,0.000"
"2019/06/05,com.foo.bar,HR,1,0,0.000,0,0.000,0,0.000,0,0.000,0,0.000"
"2019/06/05,com.foo.bar,HU,2,0,0.000,0,0.000,0,0.000,0,0.000,0,0.000"
"2019/06/05,com.foo.bar,ID,3,0,0.000,0,0.000,0,0.000,0,0.000,0,0.000"
"2019/06/05,com.foo.bar,IL,1,0,0.000,0,0.000,0,0.000,0,0.000,0,0.000"
"2019/06/05,com.foo.bar,IN,19,3,0.158,0,0.000,0,0.000,0,0.000,0,0.000"
"2019/06/05,com.foo.bar,IT,3,2,0.667,0,0.000,0,0.000,0,0.000,0,0.000"
"2019/06/05,com.foo.bar,LB,1,0,0.000,0,0.000,0,0.000,0,0.000,0,0.000"
"2019/06/05,com.foo.bar,LI,1,0,0.000,0,0.000,0,0.000,0,0.000,0,0.000"
"2019/06/05,com.foo.bar,MA,1,0,0.000,0,0.000,0,0.000,0,0.000,0,0.000"
"2019/06/05,com.foo.bar,MK,1,1,1.000,1,1.000,1,1.000,1,1.000,1,1.000"
"2019/06/05,com.foo.bar,NG,1,0,0.000,0,0.000,0,0.000,0,0.000,0,0.000"
"2019/06/05,com.foo.bar,NL,2,0,0.000,0,0.000,0,0.000,0,0.000,0,0.000"
"2019/06/05,com.foo.bar,NO,1,0,0.000,0,0.000,0,0.000,0,0.000,0,0.000"
"2019/06/05,com.foo.bar,PH,1,0,0.000,0,0.000,0,0.000,0,0.000,0,0.000"
"2019/06/05,com.foo.bar,PT,1,0,0.000,0,0.000,0,0.000,0,0.000,0,0.000"
"2019/06/05,com.foo.bar,RU,1,0,0.000,0,0.000,0,0.000,0,0.000,0,0.000"
"2019/06/05,com.foo.bar,TR,1,0,0.000,0,0.000,0,0.000,0,0.000,0,0.000"
"2019/06/05,com.foo.bar,US,157,48,0.306,33,0.688,28,0.583,25,0.521,24,0.500"
"2019/06/05,com.foo.bar,ZA,2,0,0.000,0,0.000,0,0.000,0,0.000,0,0.000"
"2019/06/06,com.foo.bar,AU,5,0,0.000,0,0.000,0,0.000,0,0.000,0,0.000"
"2019/06/06,com.foo.bar,BR,2,1,0.500,0,0.000,0,0.000,0,0.000,0,0.000"
"2019/06/06,com.foo.bar,CA,8,2,0.250,1,0.500,1,0.500,1,0.500,1,0.500"
"2019/06/06,com.foo.bar,CL,1,1,1.000,0,0.000,0,0.000,0,0.000,0,0.000"
"2019/06/06,com.foo.bar,CZ,1,0,0.000,0,0.000,0,0.000,0,0.000,0,0.000"
"2019/06/06,com.foo.bar,DE,2,1,0.500,0,0.000,0,0.000,0,0.000,0,0.000"
"2019/06/06,com.foo.bar,DZ,1,0,0.000,0,0.000,0,0.000,0,0.000,0,0.000"
"2019/06/06,com.foo.bar,EG,1,0,0.000,0,0.000,0,0.000,0,0.000,0,0.000"
"2019/06/06,com.foo.bar,FR,2,1,0.500,0,0.000,0,0.000,0,0.000,0,0.000"
"2019/06/06,com.foo.bar,GB,8,4,0.500,3,0.750,2,0.500,1,0.250,1,0.250"
"2019/06/06,com.foo.bar,HR,1,0,0.000,0,0.000,0,0.000,0,0.000,0,0.000"
"2019/06/06,com.foo.bar,ID,2,0,0.000,0,0.000,0,0.000,0,0.000,0,0.000"
"2019/06/06,com.foo.bar,IN,12,5,0.417,1,0.200,0,0.000,0,0.000,0,0.000"
"2019/06/06,com.foo.bar,IR,1,0,0.000,0,0.000,0,0.000,0,0.000,0,0.000"
"2019/06/06,com.foo.bar,IS,1,0,0.000,0,0.000,0,0.000,0,0.000,0,0.000"
"2019/06/06,com.foo.bar,KE,1,0,0.000,0,0.000,0,0.000,0,0.000,0,0.000"
"2019/06/06,com.foo.bar,KR,1,1,1.000,1,1.000,1,1.000,1,1.000,1,1.000"
"2019/06/06,com.foo.bar,LK,1,0,0.000,0,0.000,0,0.000,0,0.000,0,0.000"
"2019/06/06,com.foo.bar,MY,2,0,0.000,0,0.000,0,0.000,0,0.000,0,0.000"
"2019/06/06,com.foo.bar,NG,1,0,0.000,0,0.000,0,0.000,0,0.000,0,0.000"
"2019/06/06,com.foo.bar,NL,4,0,0.000,0,0.000,0,0.000,0,0.000,0,0.000"
"2019/06/06,com.foo.bar,PK,2,1,0.500,0,0.000,0,0.000,0,0.000,0,0.000"
"2019/06/06,com.foo.bar,PT,1,0,0.000,0,0.000,0,0.000,0,0.000,0,0.000"
"2019/06/06,com.foo.bar,SE,1,1,1.000,1,1.000,1,1.000,1,1.000,1,1.000"
"2019/06/06,com.foo.bar,TH,1,0,0.000,0,0.000,0,0.000,0,0.000,0,0.000"
"2019/06/06,com.foo.bar,US,187,58,0.310,42,0.724,35,0.603,32,0.552,26,0.448"
"2019/06/06,com.foo.bar,ZA,2,1,0.500,1,1.000,1,1.000,0,0.000,0,0.000"
"2019/06/07,com.foo.bar,AR,1,0,0.000,0,0.000,0,0.000,0,0.000,0,0.000"
"2019/06/07,com.foo.bar,AU,3,1,0.333,1,1.000,1,1.000,1,1.000,1,1.000"
"2019/06/07,com.foo.bar,BA,1,0,0.000,0,0.000,0,0.000,0,0.000,0,0.000"
"2019/06/07,com.foo.bar,BD,1,0,0.000,0,0.000,0,0.000,0,0.000,0,0.000"
"2019/06/07,com.foo.bar,BE,1,0,0.000,0,0.000,0,0.000,0,0.000,0,0.000"
"2019/06/07,com.foo.bar,BR,1,0,0.000,0,0.000,0,0.000,0,0.000,0,0.000"
"2019/06/07,com.foo.bar,CA,10,2,0.200,1,0.500,0,0.000,0,0.000,0,0.000"
"2019/06/07,com.foo.bar,CI,1,0,0.000,0,0.000,0,0.000,0,0.000,0,0.000"
"2019/06/07,com.foo.bar,CM,1,1,1.000,0,0.000,0,0.000,0,0.000,0,0.000"
"2019/06/07,com.foo.bar,DE,6,3,0.500,2,0.667,1,0.333,1,0.333,1,0.333"
"2019/06/07,com.foo.bar,ES,1,0,0.000,0,0.000,0,0.000,0,0.000,0,0.000"
"2019/06/07,com.foo.bar,FR,2,1,0.500,1,1.000,1,1.000,1,1.000,1,1.000"
"2019/06/07,com.foo.bar,GB,14,1,0.071,0,0.000,0,0.000,0,0.000,0,0.000"
"2019/06/07,com.foo.bar,GN,1,0,0.000,0,0.000,0,0.000,0,0.000,0,0.000"
"2019/06/07,com.foo.bar,GR,2,0,0.000,0,0.000,0,0.000,0,0.000,0,0.000"
"2019/06/07,com.foo.bar,IE,1,0,0.000,0,0.000,0,0.000,0,0.000,0,0.000"
"2019/06/07,com.foo.bar,IN,10,3,0.300,0,0.000,0,0.000,0,0.000,0,0.000"
"2019/06/07,com.foo.bar,JM,1,0,0.000,0,0.000,0,0.000,0,0.000,0,0.000"
"2019/06/07,com.foo.bar,KR,1,0,0.000,0,0.000,0,0.000,0,0.000,0,0.000"
"2019/06/07,com.foo.bar,LV,1,0,0.000,0,0.000,0,0.000,0,0.000,0,0.000"
"2019/06/07,com.foo.bar,MX,1,0,0.000,0,0.000,0,0.000,0,0.000,0,0.000"
"2019/06/07,com.foo.bar,NL,1,0,0.000,0,0.000,0,0.000,0,0.000,0,0.000"
"2019/06/07,com.foo.bar,PH,1,0,0.000,0,0.000,0,0.000,0,0.000,0,0.000"
"2019/06/07,com.foo.bar,PK,1,0,0.000,0,0.000,0,0.000,0,0.000,0,0.000"
"2019/06/07,com.foo.bar,PL,2,0,0.000,0,0.000,0,0.000,0,0.000,0,0.000"
"2019/06/07,com.foo.bar,SE,1,1,1.000,0,0.000,0,0.000,0,0.000,0,0.000"
"2019/06/07,com.foo.bar,SG,2,2,1.000,2,1.000,1,0.500,1,0.500,0,0.000"
"2019/06/07,com.foo.bar,SS,1,1,1.000,0,0.000,0,0.000,0,0.000,0,0.000"
"2019/06/07,com.foo.bar,TN,1,0,0.000,0,0.000,0,0.000,0,0.000,0,0.000"
"2019/06/07,com.foo.bar,TR,2,0,0.000,0,0.000,0,0.000,0,0.000,0,0.000"
"2019/06/07,com.foo.bar,TW,1,0,0.000,0,0.000,0,0.000,0,0.000,0,0.000"
"2019/06/07,com.foo.bar,US,171,56,0.327,35,0.625,28,0.500,23,0.411,18,0.321"
"2019/06/07,com.foo.bar,ZA,3,1,0.333,0,0.000,0,0.000,0,0.000,0,0.000"
"2019/06/08,com.foo.bar,AE,1,0,0.000,0,0.000,0,0.000,0,0.000,0,0.000"
"2019/06/08,com.foo.bar,AR,1,1,1.000,1,1.000,0,0.000,0,0.000,0,0.000"
"2019/06/08,com.foo.bar,AU,1,0,0.000,0,0.000,0,0.000,0,0.000,0,0.000"
"2019/06/08,com.foo.bar,BD,1,0,0.000,0,0.000,0,0.000,0,0.000,0,0.000"
"2019/06/08,com.foo.bar,BG,1,0,0.000,0,0.000,0,0.000,0,0.000,0,0.000"
"2019/06/08,com.foo.bar,BH,1,1,1.000,1,1.000,1,1.000,1,1.000,1,1.000"
"2019/06/08,com.foo.bar,CA,3,2,0.667,2,1.000,2,1.000,2,1.000,1,0.500"
"2019/06/08,com.foo.bar,CZ,1,0,0.000,0,0.000,0,0.000,0,0.000,0,0.000"
"2019/06/08,com.foo.bar,DE,2,1,0.500,1,1.000,1,1.000,0,0.000,0,0.000"
"2019/06/08,com.foo.bar,ES,1,0,0.000,0,0.000,0,0.000,0,0.000,0,0.000"
"2019/06/08,com.foo.bar,GB,7,5,0.714,2,0.400,2,0.400,1,0.200,1,0.200"
"2019/06/08,com.foo.bar,GR,1,0,0.000,0,0.000,0,0.000,0,0.000,0,0.000"
"2019/06/08,com.foo.bar,HU,1,0,0.000,0,0.000,0,0.000,0,0.000,0,0.000"
"2019/06/08,com.foo.bar,IE,1,0,0.000,0,0.000,0,0.000,0,0.000,0,0.000"
"2019/06/08,com.foo.bar,IN,9,2,0.222,0,0.000,0,0.000,0,0.000,0,0.000"
"2019/06/08,com.foo.bar,JP,1,0,0.000,0,0.000,0,0.000,0,0.000,0,0.000"
"2019/06/08,com.foo.bar,KE,1,0,0.000,0,0.000,0,0.000,0,0.000,0,0.000"
"2019/06/08,com.foo.bar,LT,1,0,0.000,0,0.000,0,0.000,0,0.000,0,0.000"
"2019/06/08,com.foo.bar,NE,1,0,0.000,0,0.000,0,0.000,0,0.000,0,0.000"
"2019/06/08,com.foo.bar,NL,1,0,0.000,0,0.000,0,0.000,0,0.000,0,0.000"
"2019/06/08,com.foo.bar,PH,1,0,0.000,0,0.000,0,0.000,0,0.000,0,0.000"
"2019/06/08,com.foo.bar,PK,1,0,0.000,0,0.000,0,0.000,0,0.000,0,0.000"
"2019/06/08,com.foo.bar,SE,1,0,0.000,0,0.000,0,0.000,0,0.000,0,0.000"
"2019/06/08,com.foo.bar,TH,1,0,0.000,0,0.000,0,0.000,0,0.000,0,0.000"
"2019/06/08,com.foo.bar,TR,1,0,0.000,0,0.000,0,0.000,0,0.000,0,0.000"
"2019/06/08,com.foo.bar,UA,1,1,1.000,0,0.000,0,0.000,0,0.000,0,0.000"
"2019/06/08,com.foo.bar,US,190,65,0.342,44,0.677,34,0.523,26,0.400,24,0.369"
"2019/06/08,com.foo.bar,ZA,2,0,0.000,0,0.000,0,0.000,0,0.000,0,0.000"
"2019/06/09,com.foo.bar,AU,5,3,0.600,3,1.000,3,1.000,3,1.000,2,0.667"
"2019/06/09,com.foo.bar,BE,1,0,0.000,0,0.000,0,0.000,0,0.000,0,0.000"
"2019/06/09,com.foo.bar,BS,1,0,0.000,0,0.000,0,0.000,0,0.000,0,0.000"
"2019/06/09,com.foo.bar,CA,5,2,0.400,2,1.000,2,1.000,2,1.000,1,0.500"
"2019/06/09,com.foo.bar,CO,1,1,1.000,0,0.000,0,0.000,0,0.000,0,0.000"
"2019/06/09,com.foo.bar,DE,2,0,0.000,0,0.000,0,0.000,0,0.000,0,0.000"
"2019/06/09,com.foo.bar,DK,1,0,0.000,0,0.000,0,0.000,0,0.000,0,0.000"
"2019/06/09,com.foo.bar,EG,1,0,0.000,0,0.000,0,0.000,0,0.000,0,0.000"
"2019/06/09,com.foo.bar,ES,1,0,0.000,0,0.000,0,0.000,0,0.000,0,0.000"
"2019/06/09,com.foo.bar,FR,1,0,0.000,0,0.000,0,0.000,0,0.000,0,0.000"
"2019/06/09,com.foo.bar,GB,7,1,0.143,1,1.000,0,0.000,0,0.000,0,0.000"
"2019/06/09,com.foo.bar,IN,14,3,0.214,0,0.000,0,0.000,0,0.000,0,0.000"
"2019/06/09,com.foo.bar,IT,2,0,0.000,0,0.000,0,0.000,0,0.000,0,0.000"
"2019/06/09,com.foo.bar,LT,1,0,0.000,0,0.000,0,0.000,0,0.000,0,0.000"
"2019/06/09,com.foo.bar,NL,2,0,0.000,0,0.000,0,0.000,0,0.000,0,0.000"
"2019/06/09,com.foo.bar,PH,2,0,0.000,0,0.000,0,0.000,0,0.000,0,0.000"
"2019/06/09,com.foo.bar,PK,1,0,0.000,0,0.000,0,0.000,0,0.000,0,0.000"
"2019/06/09,com.foo.bar,PT,1,1,1.000,0,0.000,0,0.000,0,0.000,0,0.000"
"2019/06/09,com.foo.bar,SE,1,0,0.000,0,0.000,0,0.000,0,0.000,0,0.000"
"2019/06/09,com.foo.bar,TR,1,0,0.000,0,0.000,0,0.000,0,0.000,0,0.000"
"2019/06/09,com.foo.bar,US,151,49,0.325,31,0.633,22,0.449,19,0.388,16,0.327"
"2019/06/09,com.foo.bar,VN,1,0,0.000,0,0.000,0,0.000,0,0.000,0,0.000"
"2019/06/09,com.foo.bar,ZA,1,1,1.000,0,0.000,0,0.000,0,0.000,0,0.000"
"2019/06/10,com.foo.bar,AE,1,0,0.000,0,0.000,0,0.000,0,0.000,0,0.000"
"2019/06/10,com.foo.bar,AR,1,0,0.000,0,0.000,0,0.000,0,0.000,0,0.000"
"2019/06/10,com.foo.bar,AU,3,2,0.667,1,0.500,0,0.000,0,0.000,0,0.000"
"2019/06/10,com.foo.bar,BD,2,0,0.000,0,0.000,0,0.000,0,0.000,0,0.000"
"2019/06/10,com.foo.bar,BR,1,0,0.000,0,0.000,0,0.000,0,0.000,0,0.000"
"2019/06/10,com.foo.bar,CA,3,2,0.667,1,0.500,1,0.500,1,0.500,1,0.500"
"2019/06/10,com.foo.bar,CH,1,1,1.000,1,1.000,1,1.000,1,1.000,1,1.000"
"2019/06/10,com.foo.bar,CL,1,0,0.000,0,0.000,0,0.000,0,0.000,0,0.000"
"2019/06/10,com.foo.bar,FI,1,0,0.000,0,0.000,0,0.000,0,0.000,0,0.000"
"2019/06/10,com.foo.bar,FR,2,1,0.500,1,1.000,0,0.000,0,0.000,0,0.000"
"2019/06/10,com.foo.bar,GB,3,0,0.000,0,0.000,0,0.000,0,0.000,0,0.000"
"2019/06/10,com.foo.bar,HK,1,0,0.000,0,0.000,0,0.000,0,0.000,0,0.000"
"2019/06/10,com.foo.bar,HU,1,1,1.000,0,0.000,0,0.000,0,0.000,0,0.000"
"2019/06/10,com.foo.bar,IN,19,3,0.158,2,0.667,1,0.333,1,0.333,1,0.333"
"2019/06/10,com.foo.bar,IQ,1,0,0.000,0,0.000,0,0.000,0,0.000,0,0.000"
"2019/06/10,com.foo.bar,KW,1,0,0.000,0,0.000,0,0.000,0,0.000,0,0.000"
"2019/06/10,com.foo.bar,LB,1,0,0.000,0,0.000,0,0.000,0,0.000,0,0.000"
"2019/06/10,com.foo.bar,MX,3,2,0.667,1,0.500,1,0.500,1,0.500,0,0.000"
"2019/06/10,com.foo.bar,MY,2,0,0.000,0,0.000,0,0.000,0,0.000,0,0.000"
"2019/06/10,com.foo.bar,NZ,2,1,0.500,1,1.000,1,1.000,1,1.000,1,1.000"
"2019/06/10,com.foo.bar,PH,4,0,0.000,0,0.000,0,0.000,0,0.000,0,0.000"
"2019/06/10,com.foo.bar,RU,1,0,0.000,0,0.000,0,0.000,0,0.000,0,0.000"
"2019/06/10,com.foo.bar,SE,3,0,0.000,0,0.000,0,0.000,0,0.000,0,0.000"
"2019/06/10,com.foo.bar,SG,2,2,1.000,2,1.000,2,1.000,1,0.500,1,0.500"
"2019/06/10,com.foo.bar,,2,0,0.000,0,0.000,0,0.000,0,0.000,0,0.000"
"2019/06/10,com.foo.bar,US,171,56,0.327,36,0.643,31,0.554,25,0.446,18,0.321"
"2019/06/10,com.foo.bar,ZA,1,0,0.000,0,0.000,0,0.000,0,0.000,0,0.000"
"2019/06/11,com.foo.bar,AU,3,2,0.667,1,0.500,1,0.500,1,0.500,1,0.500"
"2019/06/11,com.foo.bar,BD,1,0,0.000,0,0.000,0,0.000,0,0.000,0,0.000"
"2019/06/11,com.foo.bar,BH,1,0,0.000,0,0.000,0,0.000,0,0.000,0,0.000"
"2019/06/11,com.foo.bar,BR,1,0,0.000,0,0.000,0,0.000,0,0.000,0,0.000"
"2019/06/11,com.foo.bar,CA,3,0,0.000,0,0.000,0,0.000,0,0.000,0,0.000"
"2019/06/11,com.foo.bar,CO,1,0,0.000,0,0.000,0,0.000,0,0.000,0,0.000"
"2019/06/11,com.foo.bar,DE,3,0,0.000,0,0.000,0,0.000,0,0.000,0,0.000"
"2019/06/11,com.foo.bar,DK,1,0,0.000,0,0.000,0,0.000,0,0.000,0,0.000"
"2019/06/11,com.foo.bar,GB,9,1,0.111,0,0.000,0,0.000,0,0.000,0,0.000"
"2019/06/11,com.foo.bar,ID,1,0,0.000,0,0.000,0,0.000,0,0.000,0,0.000"
"2019/06/11,com.foo.bar,IN,17,2,0.118,0,0.000,0,0.000,0,0.000,0,0.000"
"2019/06/11,com.foo.bar,KR,1,0,0.000,0,0.000,0,0.000,0,0.000,0,0.000"
"2019/06/11,com.foo.bar,LT,1,0,0.000,0,0.000,0,0.000,0,0.000,0,0.000"
"2019/06/11,com.foo.bar,MK,1,1,1.000,1,1.000,1,1.000,1,1.000,1,1.000"
"2019/06/11,com.foo.bar,MY,2,0,0.000,0,0.000,0,0.000,0,0.000,0,0.000"
"2019/06/11,com.foo.bar,NZ,4,2,0.500,2,1.000,2,1.000,2,1.000,2,1.000"
"2019/06/11,com.foo.bar,PH,1,0,0.000,0,0.000,0,0.000,0,0.000,0,0.000"
"2019/06/11,com.foo.bar,PK,1,0,0.000,0,0.000,0,0.000,0,0.000,0,0.000"
"2019/06/11,com.foo.bar,RU,2,0,0.000,0,0.000,0,0.000,0,0.000,0,0.000"
"2019/06/11,com.foo.bar,SA,1,1,1.000,0,0.000,0,0.000,0,0.000,0,0.000"
"2019/06/11,com.foo.bar,SE,1,0,0.000,0,0.000,0,0.000,0,0.000,0,0.000"
"2019/06/11,com.foo.bar,SG,2,2,1.000,2,1.000,2,1.000,2,1.000,1,0.500"
"2019/06/11,com.foo.bar,TN,1,0,0.000,0,0.000,0,0.000,0,0.000,0,0.000"
"2019/06/11,com.foo.bar,TW,1,0,0.000,0,0.000,0,0.000,0,0.000,0,0.000"
"2019/06/11,com.foo.bar,UA,1,1,1.000,1,1.000,1,1.000,1,1.000,1,1.000"
"2019/06/11,com.foo.bar,US,150,46,0.307,24,0.522,18,0.391,15,0.326,12,0.261"
"2019/06/12,com.foo.bar,AR,1,0,0.000,0,0.000,0,0.000,0,0.000,0,0.000"
"2019/06/12,com.foo.bar,AT,1,0,0.000,0,0.000,0,0.000,0,0.000,0,0.000"
"2019/06/12,com.foo.bar,AU,4,2,0.500,2,1.000,2,1.000,1,0.500,1,0.500"
"2019/06/12,com.foo.bar,BE,1,0,0.000,0,0.000,0,0.000,0,0.000,0,0.000"
"2019/06/12,com.foo.bar,BN,1,0,0.000,0,0.000,0,0.000,0,0.000,0,0.000"
"2019/06/12,com.foo.bar,BR,1,0,0.000,0,0.000,0,0.000,0,0.000,0,0.000"
"2019/06/12,com.foo.bar,BY,1,0,0.000,0,0.000,0,0.000,0,0.000,0,0.000"
"2019/06/12,com.foo.bar,CA,4,3,0.750,2,0.667,1,0.333,1,0.333,1,0.333"
"2019/06/12,com.foo.bar,CZ,1,0,0.000,0,0.000,0,0.000,0,0.000,0,0.000"
"2019/06/12,com.foo.bar,DE,1,0,0.000,0,0.000,0,0.000,0,0.000,0,0.000"
"2019/06/12,com.foo.bar,DK,1,1,1.000,1,1.000,1,1.000,1,1.000,1,1.000"
"2019/06/12,com.foo.bar,ES,1,0,0.000,0,0.000,0,0.000,0,0.000,0,0.000"
"2019/06/12,com.foo.bar,FR,2,1,0.500,0,0.000,0,0.000,0,0.000,0,0.000"
"2019/06/12,com.foo.bar,GB,3,3,1.000,2,0.667,1,0.333,1,0.333,1,0.333"
"2019/06/12,com.foo.bar,GE,1,0,0.000,0,0.000,0,0.000,0,0.000,0,0.000"
"2019/06/12,com.foo.bar,HK,1,0,0.000,0,0.000,0,0.000,0,0.000,0,0.000"
"2019/06/12,com.foo.bar,ID,3,0,0.000,0,0.000,0,0.000,0,0.000,0,0.000"
"2019/06/12,com.foo.bar,IN,13,3,0.231,1,0.333,0,0.000,0,0.000,0,0.000"
"2019/06/12,com.foo.bar,IT,1,0,0.000,0,0.000,0,0.000,0,0.000,0,0.000"
"2019/06/12,com.foo.bar,JP,1,0,0.000,0,0.000,0,0.000,0,0.000,0,0.000"
"2019/06/12,com.foo.bar,MA,1,0,0.000,0,0.000,0,0.000,0,0.000,0,0.000"
"2019/06/12,com.foo.bar,MX,2,0,0.000,0,0.000,0,0.000,0,0.000,0,0.000"
"2019/06/12,com.foo.bar,NL,1,0,0.000,0,0.000,0,0.000,0,0.000,0,0.000"
"2019/06/12,com.foo.bar,PH,1,0,0.000,0,0.000,0,0.000,0,0.000,0,0.000"
"2019/06/12,com.foo.bar,PK,2,0,0.000,0,0.000,0,0.000,0,0.000,0,0.000"
"2019/06/12,com.foo.bar,RU,1,1,1.000,1,1.000,1,1.000,1,1.000,1,1.000"
"2019/06/12,com.foo.bar,SE,1,0,0.000,0,0.000,0,0.000,0,0.000,0,0.000"
"2019/06/12,com.foo.bar,SG,6,3,0.500,3,1.000,1,0.333,1,0.333,0,0.000"
"2019/06/12,com.foo.bar,TH,1,0,0.000,0,0.000,0,0.000,0,0.000,0,0.000"
"2019/06/12,com.foo.bar,TW,1,0,0.000,0,0.000,0,0.000,0,0.000,0,0.000"
"2019/06/12,com.foo.bar,UA,1,0,0.000,0,0.000,0,0.000,0,0.000,0,0.000"
"2019/06/12,com.foo.bar,US,177,50,0.282,35,0.700,27,0.540,24,0.480,20,0.400"
"2019/06/12,com.foo.bar,VN,2,0,0.000,0,0.000,0,0.000,0,0.000,0,0.000"
"2019/06/12,com.foo.bar,ZA,1,0,0.000,0,0.000,0,0.000,0,0.000,0,0.000"
"2019/06/13,com.foo.bar,AU,5,2,0.400,2,1.000,1,0.500,1,0.500,1,0.500"
"2019/06/13,com.foo.bar,CA,5,2,0.400,2,1.000,1,0.500,1,0.500,1,0.500"
"2019/06/13,com.foo.bar,CH,2,0,0.000,0,0.000,0,0.000,0,0.000,0,0.000"
"2019/06/13,com.foo.bar,CM,1,0,0.000,0,0.000,0,0.000,0,0.000,0,0.000"
"2019/06/13,com.foo.bar,CO,1,0,0.000,0,0.000,0,0.000,0,0.000,0,0.000"
"2019/06/13,com.foo.bar,DE,6,0,0.000,0,0.000,0,0.000,0,0.000,0,0.000"
"2019/06/13,com.foo.bar,DK,1,0,0.000,0,0.000,0,0.000,0,0.000,0,0.000"
"2019/06/13,com.foo.bar,DZ,1,0,0.000,0,0.000,0,0.000,0,0.000,0,0.000"
"2019/06/13,com.foo.bar,ES,2,0,0.000,0,0.000,0,0.000,0,0.000,0,0.000"
"2019/06/13,com.foo.bar,FR,2,0,0.000,0,0.000,0,0.000,0,0.000,0,0.000"
"2019/06/13,com.foo.bar,GB,5,1,0.200,0,0.000,0,0.000,0,0.000,0,0.000"
"2019/06/13,com.foo.bar,GR,1,1,1.000,0,0.000,0,0.000,0,0.000,0,0.000"
"2019/06/13,com.foo.bar,ID,2,0,0.000,0,0.000,0,0.000,0,0.000,0,0.000"
"2019/06/13,com.foo.bar,IE,1,1,1.000,1,1.000,0,0.000,0,0.000,0,0.000"
"2019/06/13,com.foo.bar,IN,11,2,0.182,1,0.500,0,0.000,0,0.000,0,0.000"
"2019/06/13,com.foo.bar,MA,1,0,0.000,0,0.000,0,0.000,0,0.000,0,0.000"
"2019/06/13,com.foo.bar,MM,1,0,0.000,0,0.000,0,0.000,0,0.000,0,0.000"
"2019/06/13,com.foo.bar,NL,1,1,1.000,1,1.000,1,1.000,1,1.000,1,1.000"
"2019/06/13,com.foo.bar,RU,2,1,0.500,0,0.000,0,0.000,0,0.000,0,0.000"
"2019/06/13,com.foo.bar,SE,1,1,1.000,1,1.000,1,1.000,1,1.000,1,1.000"
"2019/06/13,com.foo.bar,SG,5,4,0.800,4,1.000,4,1.000,4,1.000,4,1.000"
"2019/06/13,com.foo.bar,TR,1,0,0.000,0,0.000,0,0.000,0,0.000,0,0.000"
"2019/06/13,com.foo.bar,TW,1,0,0.000,0,0.000,0,0.000,0,0.000,0,0.000"
"2019/06/13,com.foo.bar,US,181,56,0.309,39,0.696,28,0.500,25,0.446,22,0.393"
"2019/06/14,com.foo.bar,AU,4,0,0.000,0,0.000,0,0.000,0,0.000,0,0.000"
"2019/06/14,com.foo.bar,CA,10,2,0.200,2,1.000,2,1.000,2,1.000,1,0.500"
"2019/06/14,com.foo.bar,CL,1,0,0.000,0,0.000,0,0.000,0,0.000,0,0.000"
"2019/06/14,com.foo.bar,CM,1,0,0.000,0,0.000,0,0.000,0,0.000,0,0.000"
"2019/06/14,com.foo.bar,DE,1,0,0.000,0,0.000,0,0.000,0,0.000,0,0.000"
"2019/06/14,com.foo.bar,DK,1,0,0.000,0,0.000,0,0.000,0,0.000,0,0.000"
"2019/06/14,com.foo.bar,FR,3,1,0.333,0,0.000,0,0.000,0,0.000,0,0.000"
"2019/06/14,com.foo.bar,GB,9,3,0.333,2,0.667,2,0.667,2,0.667,2,0.667"
"2019/06/14,com.foo.bar,ID,2,0,0.000,0,0.000,0,0.000,0,0.000,0,0.000"
"2019/06/14,com.foo.bar,IE,1,0,0.000,0,0.000,0,0.000,0,0.000,0,0.000"
"2019/06/14,com.foo.bar,IN,13,6,0.462,0,0.000,0,0.000,0,0.000,0,0.000"
"2019/06/14,com.foo.bar,MA,1,0,0.000,0,0.000,0,0.000,0,0.000,0,0.000"
"2019/06/14,com.foo.bar,NO,1,0,0.000,0,0.000,0,0.000,0,0.000,0,0.000"
"2019/06/14,com.foo.bar,NZ,1,1,1.000,1,1.000,1,1.000,0,0.000,0,0.000"
"2019/06/14,com.foo.bar,PH,1,0,0.000,0,0.000,0,0.000,0,0.000,0,0.000"
"2019/06/14,com.foo.bar,PK,2,0,0.000,0,0.000,0,0.000,0,0.000,0,0.000"
"2019/06/14,com.foo.bar,SG,4,3,0.750,3,1.000,3,1.000,3,1.000,2,0.667"
"2019/06/14,com.foo.bar,TR,1,0,0.000,0,0.000,0,0.000,0,0.000,0,0.000"
",com.foo.bar,UA,1,0,0.000,0,0.000,0,0.000,0,0.000,0,0.000"
"2019/06/14,com.foo.bar,,1,0,0.000,0,0.000,0,0.000,0,0.000,0,0.000"
"2019/06/14,com.foo.bar,US,167,51,0.305,36,0.706,30,0.588,23,0.451,20,0.392"
"2019/06/14,com.foo.bar,ZA,3,1,0.333,1,1.000,1,1.000,0,0.000,0,0.000"
"2019/06/15,com.foo.bar,AR,1,0,0.000,0,0.000,0,0.000,0,0.000,0,0.000"
"2019/06/15,com.foo.bar,AU,5,2,0.400,1,0.500,0,0.000,0,0.000,0,0.000"
"2019/06/15,com.foo.bar,BD,2,1,0.500,0,0.000,0,0.000,0,0.000,0,0.000"
"2019/06/15,com.foo.bar,BR,3,1,0.333,0,0.000,0,0.000,0,0.000,0,0.000"
"2019/06/15,com.foo.bar,CA,7,4,0.571,2,0.500,2,0.500,2,0.500,1,0.250"
"2019/06/15,com.foo.bar,CI,1,0,0.000,0,0.000,0,0.000,0,0.000,0,0.000"
"2019/06/15,com.foo.bar,CL,1,0,0.000,0,0.000,0,0.000,0,0.000,0,0.000"
"2019/06/15,com.foo.bar,DE,4,0,0.000,0,0.000,0,0.000,0,0.000,0,0.000"
"2019/06/15,com.foo.bar,EG,1,0,0.000,0,0.000,0,0.000,0,0.000,0,0.000"
"2019/06/15,com.foo.bar,FR,3,1,0.333,1,1.000,0,0.000,0,0.000,0,0.000"
"2019/06/15,com.foo.bar,GB,5,2,0.400,2,1.000,2,1.000,2,1.000,2,1.000"
"2019/06/15,com.foo.bar,ID,2,0,0.000,0,0.000,0,0.000,0,0.000,0,0.000"
"2019/06/15,com.foo.bar,IN,25,5,0.200,2,0.400,2,0.400,2,0.400,1,0.200"
"2019/06/15,com.foo.bar,IR,1,0,0.000,0,0.000,0,0.000,0,0.000,0,0.000"
"2019/06/15,com.foo.bar,JO,1,1,1.000,1,1.000,1,1.000,1,1.000,1,1.000"
"2019/06/15,com.foo.bar,JP,1,0,0.000,0,0.000,0,0.000,0,0.000,0,0.000"
"2019/06/15,com.foo.bar,MX,1,1,1.000,1,1.000,1,1.000,1,1.000,1,1.000"
"2019/06/15,com.foo.bar,MY,1,0,0.000,0,0.000,0,0.000,0,0.000,0,0.000"
"2019/06/15,com.foo.bar,NP,2,0,0.000,0,0.000,0,0.000,0,0.000,0,0.000"
"2019/06/15,com.foo.bar,PL,2,0,0.000,0,0.000,0,0.000,0,0.000,0,0.000"
"2019/06/15,com.foo.bar,SG,2,2,1.000,2,1.000,1,0.500,1,0.500,1,0.500"
"2019/06/15,com.foo.bar,TW,1,1,1.000,1,1.000,1,1.000,1,1.000,0,0.000"
"2019/06/15,com.foo.bar,US,173,45,0.260,28,0.622,24,0.533,20,0.444,17,0.378"
"2019/06/15,com.foo.bar,ZA,2,1,0.500,1,1.000,1,1.000,1,1.000,1,1.000"
"2019/06/16,com.foo.bar,AR,1,1,1.000,0,0.000,0,0.000,0,0.000,0,0.000"
"2019/06/16,com.foo.bar,AU,5,2,0.400,1,0.500,1,0.500,1,0.500,1,0.500"
"2019/06/16,com.foo.bar,BD,1,0,0.000,0,0.000,0,0.000,0,0.000,0,0.000"
"2019/06/16,com.foo.bar,BE,1,0,0.000,0,0.000,0,0.000,0,0.000,0,0.000"
"2019/06/16,com.foo.bar,BY,1,0,0.000,0,0.000,0,0.000,0,0.000,0,0.000"
"2019/06/16,com.foo.bar,CA,13,7,0.538,5,0.714,4,0.571,3,0.429,2,0.286"
"2019/06/16,com.foo.bar,CH,1,0,0.000,0,0.000,0,0.000,0,0.000,0,0.000"
"2019/06/16,com.foo.bar,DE,2,1,0.500,1,1.000,1,1.000,1,1.000,1,1.000"
"2019/06/16,com.foo.bar,DK,1,0,0.000,0,0.000,0,0.000,0,0.000,0,0.000"
"2019/06/16,com.foo.bar,ES,1,0,0.000,0,0.000,0,0.000,0,0.000,0,0.000"
"2019/06/16,com.foo.bar,FI,1,1,1.000,0,0.000,0,0.000,0,0.000,0,0.000"
"2019/06/16,com.foo.bar,GB,9,5,0.556,1,0.200,1,0.200,1,0.200,1,0.200"
"2019/06/16,com.foo.bar,GE,1,0,0.000,0,0.000,0,0.000,0,0.000,0,0.000"
"2019/06/16,com.foo.bar,HK,1,0,0.000,0,0.000,0,0.000,0,0.000,0,0.000"
"2019/06/16,com.foo.bar,IN,20,0,0.000,0,0.000,0,0.000,0,0.000,0,0.000"
"2019/06/16,com.foo.bar,IT,1,0,0.000,0,0.000,0,0.000,0,0.000,0,0.000"
"2019/06/16,com.foo.bar,KR,1,0,0.000,0,0.000,0,0.000,0,0.000,0,0.000"
"2019/06/16,com.foo.bar,MM,1,1,1.000,1,1.000,1,1.000,0,0.000,0,0.000"
"2019/06/16,com.foo.bar,NG,1,0,0.000,0,0.000,0,0.000,0,0.000,0,0.000"
"2019/06/16,com.foo.bar,NL,2,0,0.000,0,0.000,0,0.000,0,0.000,0,0.000"
"2019/06/16,com.foo.bar,PH,1,0,0.000,0,0.000,0,0.000,0,0.000,0,0.000"
"2019/06/16,com.foo.bar,PK,4,2,0.500,1,0.500,0,0.000,0,0.000,0,0.000"
"2019/06/16,com.foo.bar,SE,2,2,1.000,1,0.500,1,0.500,1,0.500,1,0.500"
"2019/06/16,com.foo.bar,SG,8,6,0.750,4,0.667,2,0.333,2,0.333,2,0.333"
"2019/06/16,com.foo.bar,SS,1,1,1.000,1,1.000,0,0.000,0,0.000,0,0.000"
"2019/06/16,com.foo.bar,TR,1,0,0.000,0,0.000,0,0.000,0,0.000,0,0.000"
"2019/06/16,com.foo.bar,US,176,60,0.341,46,0.767,32,0.533,22,0.367,17,0.283"
"2019/06/17,com.foo.bar,AR,1,1,1.000,0,0.000,0,0.000,0,0.000,0,0.000"
"2019/06/17,com.foo.bar,AU,1,0,0.000,0,0.000,0,0.000,0,0.000,0,0.000"
"2019/06/17,com.foo.bar,BR,1,1,1.000,0,0.000,0,0.000,0,0.000,0,0.000"
"2019/06/17,com.foo.bar,CA,4,1,0.250,0,0.000,0,0.000,0,0.000,0,0.000"
"2019/06/17,com.foo.bar,CH,1,0,0.000,0,0.000,0,0.000,0,0.000,0,0.000"
"2019/06/17,com.foo.bar,DE,3,1,0.333,1,1.000,1,1.000,1,1.000,1,1.000"
"2019/06/17,com.foo.bar,FI,2,0,0.000,0,0.000,0,0.000,0,0.000,0,0.000"
"2019/06/17,com.foo.bar,FR,1,0,0.000,0,0.000,0,0.000,0,0.000,0,0.000"
"2019/06/17,com.foo.bar,GB,4,0,0.000,0,0.000,0,0.000,0,0.000,0,0.000"
"2019/06/17,com.foo.bar,GH,1,0,0.000,0,0.000,0,0.000,0,0.000,0,0.000"
"2019/06/17,com.foo.bar,GR,1,1,1.000,1,1.000,1,1.000,0,0.000,0,0.000"
"2019/06/17,com.foo.bar,ID,2,1,0.500,0,0.000,0,0.000,0,0.000,0,0.000"
"2019/06/17,com.foo.bar,IN,22,5,0.227,1,0.200,1,0.200,1,0.200,0,0.000"
"2019/06/17,com.foo.bar,LK,1,1,1.000,0,0.000,0,0.000,0,0.000,0,0.000"
"2019/06/17,com.foo.bar,LT,1,0,0.000,0,0.000,0,0.000,0,0.000,0,0.000"
"2019/06/17,com.foo.bar,MA,1,0,0.000,0,0.000,0,0.000,0,0.000,0,0.000"
"2019/06/17,com.foo.bar,MY,2,0,0.000,0,0.000,0,0.000,0,0.000,0,0.000"
"2019/06/17,com.foo.bar,NL,2,0,0.000,0,0.000,0,0.000,0,0.000,0,0.000"
"2019/06/17,com.foo.bar,PH,1,0,0.000,0,0.000,0,0.000,0,0.000,0,0.000"
"2019/06/17,com.foo.bar,PK,1,0,0.000,0,0.000,0,0.000,0,0.000,0,0.000"
"2019/06/17,com.foo.bar,RE,1,0,0.000,0,0.000,0,0.000,0,0.000,0,0.000"
"2019/06/17,com.foo.bar,RS,1,0,0.000,0,0.000,0,0.000,0,0.000,0,0.000"
"2019/06/17,com.foo.bar,RU,2,0,0.000,0,0.000,0,0.000,0,0.000,0,0.000"
"2019/06/17,com.foo.bar,SG,2,2,1.000,1,0.500,0,0.000,0,0.000,0,0.000"
"2019/06/17,com.foo.bar,US,158,50,0.316,27,0.540,18,0.360,13,0.260,9,0.180"
"2019/06/17,com.foo.bar,ZA,1,0,0.000,0,0.000,0,0.000,0,0.000,0,0.000"
"2019/06/18,com.foo.bar,AU,5,3,0.600,2,0.667,2,0.667,2,0.667,2,0.667"
"2019/06/18,com.foo.bar,BE,1,0,0.000,0,0.000,0,0.000,0,0.000,0,0.000"
"2019/06/18,com.foo.bar,BR,1,0,0.000,0,0.000,0,0.000,0,0.000,0,0.000"
"2019/06/18,com.foo.bar,CA,6,2,0.333,2,1.000,1,0.500,1,0.500,0,0.000"
"2019/06/18,com.foo.bar,DE,6,1,0.167,0,0.000,0,0.000,0,0.000,0,0.000"
"2019/06/18,com.foo.bar,EG,1,0,0.000,0,0.000,0,0.000,0,0.000,0,0.000"
"2019/06/18,com.foo.bar,ET,1,0,0.000,0,0.000,0,0.000,0,0.000,0,0.000"
"2019/06/18,com.foo.bar,FR,1,0,0.000,0,0.000,0,0.000,0,0.000,0,0.000"
"2019/06/18,com.foo.bar,GB,2,1,0.500,1,1.000,0,0.000,0,0.000,0,0.000"
"2019/06/18,com.foo.bar,GR,1,1,1.000,0,0.000,0,0.000,0,0.000,0,0.000"
"2019/06/18,com.foo.bar,HR,1,1,1.000,0,0.000,0,0.000,0,0.000,0,0.000"
"2019/06/18,com.foo.bar,HT,1,0,0.000,0,0.000,0,0.000,0,0.000,0,0.000"
"2019/06/18,com.foo.bar,IL,1,0,0.000,0,0.000,0,0.000,0,0.000,0,0.000"
"2019/06/18,com.foo.bar,IN,10,2,0.200,1,0.500,1,0.500,0,0.000,0,0.000"
"2019/06/18,com.foo.bar,IT,1,0,0.000,0,0.000,0,0.000,0,0.000,0,0.000"
"2019/06/18,com.foo.bar,MX,1,1,1.000,0,0.000,0,0.000,0,0.000,0,0.000"
"2019/06/18,com.foo.bar,NL,1,0,0.000,0,0.000,0,0.000,0,0.000,0,0.000"
"2019/06/18,com.foo.bar,NZ,4,3,0.750,3,1.000,2,0.667,2,0.667,2,0.667"
"2019/06/18,com.foo.bar,PH,1,0,0.000,0,0.000,0,0.000,0,0.000,0,0.000"
"2019/06/18,com.foo.bar,PL,2,0,0.000,0,0.000,0,0.000,0,0.000,0,0.000"
"2019/06/18,com.foo.bar,SE,1,0,0.000,0,0.000,0,0.000,0,0.000,0,0.000"
"2019/06/18,com.foo.bar,TR,2,0,0.000,0,0.000,0,0.000,0,0.000,0,0.000"
"2019/06/18,com.foo.bar,,1,0,0.000,0,0.000,0,0.000,0,0.000,0,0.000"
"2019/06/18,com.foo.bar,US,178,63,0.354,39,0.619,32,0.508,28,0.444,23,0.365"
"2019/06/18,com.foo.bar,ZA,1,0,0.000,0,0.000,0,0.000,0,0.000,0,0.000"
"2019/06/19,com.foo.bar,AT,1,0,0.000,0,0.000,0,0.000,0,0.000,0,0.000"
"2019/06/19,com.foo.bar,AU,4,0,0.000,0,0.000,0,0.000,0,0.000,0,0.000"
"2019/06/19,com.foo.bar,CA,5,0,0.000,0,0.000,0,0.000,0,0.000,0,0.000"
"2019/06/19,com.foo.bar,CN,1,0,0.000,0,0.000,0,0.000,0,0.000,0,0.000"
"2019/06/19,com.foo.bar,CR,1,0,0.000,0,0.000,0,0.000,0,0.000,0,0.000"
"2019/06/19,com.foo.bar,DE,5,1,0.200,1,1.000,1,1.000,1,1.000,1,1.000"
"2019/06/19,com.foo.bar,ES,1,0,0.000,0,0.000,0,0.000,0,0.000,0,0.000"
"2019/06/19,com.foo.bar,FR,3,0,0.000,0,0.000,0,0.000,0,0.000,0,0.000"
"2019/06/19,com.foo.bar,GB,7,1,0.143,1,1.000,1,1.000,0,0.000,0,0.000"
"2019/06/19,com.foo.bar,GT,1,0,0.000,0,0.000,0,0.000,0,0.000,0,0.000"
"2019/06/19,com.foo.bar,ID,2,0,0.000,0,0.000,0,0.000,0,0.000,0,0.000"
"2019/06/19,com.foo.bar,IL,2,1,0.500,1,1.000,1,1.000,1,1.000,1,1.000"
"2019/06/19,com.foo.bar,IN,22,3,0.136,1,0.333,1,0.333,1,0.333,1,0.333"
"2019/06/19,com.foo.bar,IT,2,2,1.000,2,1.000,0,0.000,0,0.000,0,0.000"
"2019/06/19,com.foo.bar,MY,3,0,0.000,0,0.000,0,0.000,0,0.000,0,0.000"
"2019/06/19,com.foo.bar,NL,1,0,0.000,0,0.000,0,0.000,0,0.000,0,0.000"
"2019/06/19,com.foo.bar,NZ,2,1,0.500,0,0.000,0,0.000,0,0.000,0,0.000"
"2019/06/19,com.foo.bar,PH,1,0,0.000,0,0.000,0,0.000,0,0.000,0,0.000"
"2019/06/19,com.foo.bar,PK,1,0,0.000,0,0.000,0,0.000,0,0.000,0,0.000"
"2019/06/19,com.foo.bar,PT,1,0,0.000,0,0.000,0,0.000,0,0.000,0,0.000"
"2019/06/19,com.foo.bar,RE,1,0,0.000,0,0.000,0,0.000,0,0.000,0,0.000"
"2019/06/19,com.foo.bar,RU,1,0,0.000,0,0.000,0,0.000,0,0.000,0,0.000"
"2019/06/19,com.foo.bar,SE,2,1,0.500,1,1.000,0,0.000,0,0.000,0,0.000"
"2019/06/19,com.foo.bar,SG,1,0,0.000,0,0.000,0,0.000,0,0.000,0,0.000"
"2019/06/19,com.foo.bar,SI,1,1,1.000,0,0.000,0,0.000,0,0.000,0,0.000"
"2019/06/19,com.foo.bar,UA,1,0,0.000,0,0.000,0,0.000,0,0.000,0,0.000"
"2019/06/19,com.foo.bar,US,164,40,0.244,27,0.675,20,0.500,19,0.475,15,0.375"
"2019/06/20,com.foo.bar,AE,1,1,1.000,0,0.000,0,0.000,0,0.000,0,0.000"
"2019/06/20,com.foo.bar,AU,12,4,0.333,2,0.500,1,0.250,1,0.250,1,0.250"
"2019/06/20,com.foo.bar,BD,1,0,0.000,0,0.000,0,0.000,0,0.000,0,0.000"
"2019/06/20,com.foo.bar,CA,3,1,0.333,1,1.000,1,1.000,1,1.000,1,1.000"
"2019/06/20,com.foo.bar,FI,1,0,0.000,0,0.000,0,0.000,0,0.000,0,0.000"
"2019/06/20,com.foo.bar,GB,2,0,0.000,0,0.000,0,0.000,0,0.000,0,0.000"
"2019/06/20,com.foo.bar,ID,3,0,0.000,0,0.000,0,0.000,0,0.000,0,0.000"
"2019/06/20,com.foo.bar,IE,1,1,1.000,1,1.000,1,1.000,1,1.000,1,1.000"
"2019/06/20,com.foo.bar,IL,1,0,0.000,0,0.000,0,0.000,0,0.000,0,0.000"
"2019/06/20,com.foo.bar,IN,15,5,0.333,2,0.400,2,0.400,1,0.200,1,0.200"
"2019/06/20,com.foo.bar,JP,1,1,1.000,1,1.000,1,1.000,1,1.000,0,0.000"
"2019/06/20,com.foo.bar,NZ,1,1,1.000,1,1.000,1,1.000,1,1.000,1,1.000"
"2019/06/20,com.foo.bar,RU,4,1,0.250,1,1.000,0,0.000,0,0.000,0,0.000"
"2019/06/20,com.foo.bar,SA,2,0,0.000,0,0.000,0,0.000,0,0.000,0,0.000"
"2019/06/20,com.foo.bar,SG,2,1,0.500,1,1.000,1,1.000,1,1.000,0,0.000"
"2019/06/20,com.foo.bar,UA,1,0,0.000,0,0.000,0,0.000,0,0.000,0,0.000"
"2019/06/20,com.foo.bar,US,185,57,0.308,34,0.596,29,0.509,24,0.421,22,0.386"
"2019/06/20,com.foo.bar,ZA,3,1,0.333,0,0.000,0,0.000,0,0.000,0,0.000"
"2019/06/21,com.foo.bar,AF,1,0,0.000,0,0.000,0,0.000,0,0.000,0,0.000"
"2019/06/21,com.foo.bar,AU,7,1,0.143,1,1.000,0,0.000,0,0.000,0,0.000"
"2019/06/21,com.foo.bar,BD,1,0,0.000,0,0.000,0,0.000,0,0.000,0,0.000"
"2019/06/21,com.foo.bar,CA,4,2,0.500,0,0.000,0,0.000,0,0.000,0,0.000"
"2019/06/21,com.foo.bar,DK,1,0,0.000,0,0.000,0,0.000,0,0.000,0,0.000"
"2019/06/21,com.foo.bar,DZ,1,0,0.000,0,0.000,0,0.000,0,0.000,0,0.000"
"2019/06/21,com.foo.bar,FR,2,0,0.000,0,0.000,0,0.000,0,0.000,0,0.000"
"2019/06/21,com.foo.bar,GB,3,1,0.333,1,1.000,1,1.000,1,1.000,1,1.000"
"2019/06/21,com.foo.bar,ID,1,0,0.000,0,0.000,0,0.000,0,0.000,0,0.000"
"2019/06/21,com.foo.bar,IE,1,0,0.000,0,0.000,0,0.000,0,0.000,0,0.000"
"2019/06/21,com.foo.bar,IL,1,0,0.000,0,0.000,0,0.000,0,0.000,0,0.000"
"2019/06/21,com.foo.bar,IN,6,1,0.167,0,0.000,0,0.000,0,0.000,0,0.000"
"2019/06/21,com.foo.bar,NG,1,0,0.000,0,0.000,0,0.000,0,0.000,0,0.000"
"2019/06/21,com.foo.bar,NI,1,0,0.000,0,0.000,0,0.000,0,0.000,0,0.000"
"2019/06/21,com.foo.bar,NL,2,0,0.000,0,0.000,0,0.000,0,0.000,0,0.000"
"2019/06/21,com.foo.bar,NZ,1,0,0.000,0,0.000,0,0.000,0,0.000,0,0.000"
"2019/06/21,com.foo.bar,PH,1,0,0.000,0,0.000,0,0.000,0,0.000,0,0.000"
"2019/06/21,com.foo.bar,PL,2,0,0.000,0,0.000,0,0.000,0,0.000,0,0.000"
"2019/06/21,com.foo.bar,SA,2,0,0.000,0,0.000,0,0.000,0,0.000,0,0.000"
"2019/06/21,com.foo.bar,TZ,1,0,0.000,0,0.000,0,0.000,0,0.000,0,0.000"
"2019/06/21,com.foo.bar,US,183,60,0.328,43,0.717,35,0.583,32,0.533,24,0.400"
"2019/06/21,com.foo.bar,VN,1,0,0.000,0,0.000,0,0.000,0,0.000,0,0.000"
"2019/06/21,com.foo.bar,ZA,1,1,1.000,1,1.000,1,1.000,1,1.000,1,1.000"
"2019/06/22,com.foo.bar,AU,5,1,0.200,1,1.000,1,1.000,1,1.000,1,1.000"
"2019/06/22,com.foo.bar,BE,1,0,0.000,0,0.000,0,0.000,0,0.000,0,0.000"
"2019/06/22,com.foo.bar,CA,7,3,0.429,2,0.667,2,0.667,2,0.667,2,0.667"
"2019/06/22,com.foo.bar,CG,1,0,0.000,0,0.000,0,0.000,0,0.000,0,0.000"
"2019/06/22,com.foo.bar,CL,1,0,0.000,0,0.000,0,0.000,0,0.000,0,0.000"
"2019/06/22,com.foo.bar,DE,2,0,0.000,0,0.000,0,0.000,0,0.000,0,0.000"
"2019/06/22,com.foo.bar,GB,9,2,0.222,0,0.000,0,0.000,0,0.000,0,0.000"
"2019/06/22,com.foo.bar,HR,1,0,0.000,0,0.000,0,0.000,0,0.000,0,0.000"
"2019/06/22,com.foo.bar,IE,1,0,0.000,0,0.000,0,0.000,0,0.000,0,0.000"
"2019/06/22,com.foo.bar,IN,21,4,0.190,1,0.250,1,0.250,1,0.250,1,0.250"
"2019/06/22,com.foo.bar,JP,1,0,0.000,0,0.000,0,0.000,0,0.000,0,0.000"
"2019/06/22,com.foo.bar,NL,3,1,0.333,0,0.000,0,0.000,0,0.000,0,0.000"
"2019/06/22,com.foo.bar,NO,1,0,0.000,0,0.000,0,0.000,0,0.000,0,0.000"
"2019/06/22,com.foo.bar,PK,2,0,0.000,0,0.000,0,0.000,0,0.000,0,0.000"
"2019/06/22,com.foo.bar,PT,1,0,0.000,0,0.000,0,0.000,0,0.000,0,0.000"
"2019/06/22,com.foo.bar,SA,1,0,0.000,0,0.000,0,0.000,0,0.000,0,0.000"
"2019/06/22,com.foo.bar,SG,1,0,0.000,0,0.000,0,0.000,0,0.000,0,0.000"
"2019/06/22,com.foo.bar,SS,1,1,1.000,0,0.000,0,0.000,0,0.000,0,0.000"
"2019/06/22,com.foo.bar,TH,1,0,0.000,0,0.000,0,0.000,0,0.000,0,0.000"
"2019/06/22,com.foo.bar,TT,1,1,1.000,1,1.000,1,1.000,1,1.000,1,1.000"
"2019/06/22,com.foo.bar,UA,1,0,0.000,0,0.000,0,0.000,0,0.000,0,0.000"
"2019/06/22,com.foo.bar,US,193,50,0.259,33,0.660,28,0.560,26,0.520,19,0.380"
"2019/06/23,com.foo.bar,AR,1,1,1.000,0,0.000,0,0.000,0,0.000,0,0.000"
"2019/06/23,com.foo.bar,AU,4,0,0.000,0,0.000,0,0.000,0,0.000,0,0.000"
"2019/06/23,com.foo.bar,BD,1,0,0.000,0,0.000,0,0.000,0,0.000,0,0.000"
"2019/06/23,com.foo.bar,BG,1,0,0.000,0,0.000,0,0.000,0,0.000,0,0.000"
"2019/06/23,com.foo.bar,BI,1,0,0.000,0,0.000,0,0.000,0,0.000,0,0.000"
"2019/06/23,com.foo.bar,CA,1,0,0.000,0,0.000,0,0.000,0,0.000,0,0.000"
"2019/06/23,com.foo.bar,CI,1,0,0.000,0,0.000,0,0.000,0,0.000,0,0.000"
"2019/06/23,com.foo.bar,DE,3,2,0.667,1,0.500,1,0.500,1,0.500,1,0.500"
"2019/06/23,com.foo.bar,DK,1,0,0.000,0,0.000,0,0.000,0,0.000,0,0.000"
"2019/06/23,com.foo.bar,EG,1,0,0.000,0,0.000,0,0.000,0,0.000,0,0.000"
"2019/06/23,com.foo.bar,ES,1,0,0.000,0,0.000,0,0.000,0,0.000,0,0.000"
"2019/06/23,com.foo.bar,FR,2,0,0.000,0,0.000,0,0.000,0,0.000,0,0.000"
"2019/06/23,com.foo.bar,GB,6,0,0.000,0,0.000,0,0.000,0,0.000,0,0.000"
"2019/06/23,com.foo.bar,HR,1,1,1.000,0,0.000,0,0.000,0,0.000,0,0.000"
"2019/06/23,com.foo.bar,ID,1,0,0.000,0,0.000,0,0.000,0,0.000,0,0.000"
"2019/06/23,com.foo.bar,IN,15,2,0.133,0,0.000,0,0.000,0,0.000,0,0.000"
"2019/06/23,com.foo.bar,KR,1,0,0.000,0,0.000,0,0.000,0,0.000,0,0.000"
"2019/06/23,com.foo.bar,KW,1,0,0.000,0,0.000,0,0.000,0,0.000,0,0.000"
"2019/06/23,com.foo.bar,LK,1,0,0.000,0,0.000,0,0.000,0,0.000,0,0.000"
"2019/06/23,com.foo.bar,MX,2,1,0.500,1,1.000,1,1.000,1,1.000,1,1.000"
"2019/06/23,com.foo.bar,MY,1,0,0.000,0,0.000,0,0.000,0,0.000,0,0.000"
"2019/06/23,com.foo.bar,NA,1,0,0.000,0,0.000,0,0.000,0,0.000,0,0.000"
"2019/06/23,com.foo.bar,NZ,1,1,1.000,1,1.000,1,1.000,1,1.000,1,1.000"
"2019/06/23,com.foo.bar,RU,2,0,0.000,0,0.000,0,0.000,0,0.000,0,0.000"
"2019/06/23,com.foo.bar,SE,1,0,0.000,0,0.000,0,0.000,0,0.000,0,0.000"
"2019/06/23,com.foo.bar,UA,1,0,0.000,0,0.000,0,0.000,0,0.000,0,0.000"
"2019/06/23,com.foo.bar,US,147,41,0.279,26,0.634,24,0.585,20,0.488,18,0.439"
"2019/06/23,com.foo.bar,ZA,1,0,0.000,0,0.000,0,0.000,0,0.000,0,0.000"
"2019/06/24,com.foo.bar,AT,1,1,1.000,1,1.000,1,1.000,1,1.000,1,1.000"
"2019/06/24,com.foo.bar,AU,3,1,0.333,1,1.000,1,1.000,1,1.000,1,1.000"
"2019/06/24,com.foo.bar,BA,1,0,0.000,0,0.000,0,0.000,0,0.000,0,0.000"
"2019/06/24,com.foo.bar,BR,1,0,0.000,0,0.000,0,0.000,0,0.000,0,0.000"
"2019/06/24,com.foo.bar,CA,3,0,0.000,0,0.000,0,0.000,0,0.000,0,0.000"
"2019/06/24,com.foo.bar,CM,1,0,0.000,0,0.000,0,0.000,0,0.000,0,0.000"
"2019/06/24,com.foo.bar,DE,6,1,0.167,1,1.000,1,1.000,1,1.000,1,1.000"
"2019/06/24,com.foo.bar,GB,10,2,0.200,2,1.000,2,1.000,2,1.000,2,1.000"
",com.foo.bar,IN,14,1,0.071,1,1.000,1,1.000,0,0.000,0,0.000"
"2019/06/24,com.foo.bar,KR,1,0,0.000,0,0.000,0,0.000,0,0.000,0,0.000"
"2019/06/24,com.foo.bar,NL,2,0,0.000,0,0.000,0,0.000,0,0.000,0,0.000"
"2019/06/24,com.foo.bar,NO,1,0,0.000,0,0.000,0,0.000,0,0.000,0,0.000"
"2019/06/24,com.foo.bar,NZ,3,2,0.667,2,1.000,2,1.000,1,0.500,1,0.500"
"2019/06/24,com.foo.bar,RO,1,0,0.000,0,0.000,0,0.000,0,0.000,0,0.000"
"2019/06/24,com.foo.bar,SG,3,1,0.333,0,0.000,0,0.000,0,0.000,0,0.000"
"2019/06/24,com.foo.bar,UA,1,0,0.000,0,0.000,0,0.000,0,0.000,0,0.000"
"2019/06/24,com.foo.bar,US,175,43,0.246,30,0.698,25,0.581,22,0.512,19,0.442"
"2019/06/24,com.foo.bar,ZA,1,0,0.000,0,0.000,0,0.000,0,0.000,0,0.000"
"2019/06/25,com.foo.bar,AE,1,0,0.000,0,0.000,0,0.000,0,0.000,0,0.000"
"2019/06/25,com.foo.bar,AU,1,1,1.000,1,1.000,0,0.000,0,0.000,0,0.000"
"2019/06/25,com.foo.bar,BD,1,0,0.000,0,0.000,0,0.000,0,0.000,0,0.000"
"2019/06/25,com.foo.bar,CA,7,1,0.143,1,1.000,1,1.000,1,1.000,1,1.000"
"2019/06/25,com.foo.bar,CH,1,0,0.000,0,0.000,0,0.000,0,0.000,0,0.000"
"2019/06/25,com.foo.bar,CZ,1,0,0.000,0,0.000,0,0.000,0,0.000,0,0.000"
"2019/06/25,com.foo.bar,DE,1,0,0.000,0,0.000,0,0.000,0,0.000,0,0.000"
"2019/06/25,com.foo.bar,GB,5,2,0.400,2,1.000,2,1.000,2,1.000,2,1.000"
"2019/06/25,com.foo.bar,HK,1,0,0.000,0,0.000,0,0.000,0,0.000,0,0.000"
"2019/06/25,com.foo.bar,IE,2,0,0.000,0,0.000,0,0.000,0,0.000,0,0.000"
"2019/06/25,com.foo.bar,IN,13,1,0.077,0,0.000,0,0.000,0,0.000,0,0.000"
"2019/06/25,com.foo.bar,JM,1,0,0.000,0,0.000,0,0.000,0,0.000,0,0.000"
"2019/06/25,com.foo.bar,JP,1,0,0.000,0,0.000,0,0.000,0,0.000,0,0.000"
"2019/06/25,com.foo.bar,KR,1,0,0.000,0,0.000,0,0.000,0,0.000,0,0.000"
"2019/06/25,com.foo.bar,MY,3,1,0.333,0,0.000,0,0.000,0,0.000,0,0.000"
"2019/06/25,com.foo.bar,NA,1,0,0.000,0,0.000,0,0.000,0,0.000,0,0.000"
"2019/06/25,com.foo.bar,NL,2,0,0.000,0,0.000,0,0.000,0,0.000,0,0.000"
"2019/06/25,com.foo.bar,NZ,3,1,0.333,1,1.000,1,1.000,1,1.000,0,0.000"
"2019/06/25,com.foo.bar,PH,2,0,0.000,0,0.000,0,0.000,0,0.000,0,0.000"
"2019/06/25,com.foo.bar,PK,1,0,0.000,0,0.000,0,0.000,0,0.000,0,0.000"
"2019/06/25,com.foo.bar,PL,1,0,0.000,0,0.000,0,0.000,0,0.000,0,0.000"
"2019/06/25,com.foo.bar,PT,1,0,0.000,0,0.000,0,0.000,0,0.000,0,0.000"
"2019/06/25,com.foo.bar,QA,1,1,1.000,0,0.000,0,0.000,0,0.000,0,0.000"
"2019/06/25,com.foo.bar,RE,1,0,0.000,0,0.000,0,0.000,0,0.000,0,0.000"
"2019/06/25,com.foo.bar,RU,1,0,0.000,0,0.000,0,0.000,0,0.000,0,0.000"
"2019/06/25,com.foo.bar,SE,1,0,0.000,0,0.000,0,0.000,0,0.000,0,0.000"
"2019/06/25,com.foo.bar,SG,1,0,0.000,0,0.000,0,0.000,0,0.000,0,0.000"
"2019/06/25,com.foo.bar,SI,1,0,0.000,0,0.000,0,0.000,0,0.000,0,0.000"
"2019/06/25,com.foo.bar,UA,1,0,0.000,0,0.000,0,0.000,0,0.000,0,0.000"
"2019/06/25,com.foo.bar,US,154,47,0.305,27,0.574,21,0.447,17,0.362,14,0.298"
"2019/06/25,com.foo.bar,ZA,1,0,0.000,0,0.000,0,0.000,0,0.000,0,0.000"
"2019/06/26,com.foo.bar,AE,1,0,0.000,0,0.000,0,0.000,0,0.000,0,0.000"
"2019/06/26,com.foo.bar,AU,2,0,0.000,0,0.000,0,0.000,0,0.000,0,0.000"
"2019/06/26,com.foo.bar,BD,1,0,0.000,0,0.000,0,0.000,0,0.000,0,0.000"
"2019/06/26,com.foo.bar,BR,2,0,0.000,0,0.000,0,0.000,0,0.000,0,0.000"
"2019/06/26,com.foo.bar,CA,2,1,0.500,1,1.000,1,1.000,1,1.000,1,1.000"
"2019/06/26,com.foo.bar,DE,4,1,0.250,0,0.000,0,0.000,0,0.000,0,0.000"
"2019/06/26,com.foo.bar,EE,1,1,1.000,0,0.000,0,0.000,0,0.000,0,0.000"
"2019/06/26,com.foo.bar,FI,1,1,1.000,1,1.000,1,1.000,1,1.000,1,1.000"
"2019/06/26,com.foo.bar,FR,1,1,1.000,1,1.000,1,1.000,1,1.000,1,1.000"
"2019/06/26,com.foo.bar,GB,3,0,0.000,0,0.000,0,0.000,0,0.000,0,0.000"
"2019/06/26,com.foo.bar,GP,1,0,0.000,0,0.000,0,0.000,0,0.000,0,0.000"
"2019/06/26,com.foo.bar,HK,1,0,0.000,0,0.000,0,0.000,0,0.000,0,0.000"
"2019/06/26,com.foo.bar,ID,1,0,0.000,0,0.000,0,0.000,0,0.000,0,0.000"
"2019/06/26,com.foo.bar,IE,1,0,0.000,0,0.000,0,0.000,0,0.000,0,0.000"
"2019/06/26,com.foo.bar,IN,14,3,0.214,1,0.333,1,0.333,1,0.333,1,0.333"
"2019/06/26,com.foo.bar,JM,1,1,1.000,1,1.000,1,1.000,1,1.000,1,1.000"
"2019/06/26,com.foo.bar,LK,1,0,0.000,0,0.000,0,0.000,0,0.000,0,0.000"
"2019/06/26,com.foo.bar,LT,1,0,0.000,0,0.000,0,0.000,0,0.000,0,0.000"
"2019/06/26,com.foo.bar,NG,1,0,0.000,0,0.000,0,0.000,0,0.000,0,0.000"
"2019/06/26,com.foo.bar,NL,2,1,0.500,1,1.000,0,0.000,0,0.000,0,0.000"
"2019/06/26,com.foo.bar,OM,1,0,0.000,0,0.000,0,0.000,0,0.000,0,0.000"
"2019/06/26,com.foo.bar,PH,1,0,0.000,0,0.000,0,0.000,0,0.000,0,0.000"
"2019/06/26,com.foo.bar,RU,1,0,0.000,0,0.000,0,0.000,0,0.000,0,0.000"
"2019/06/26,com.foo.bar,SA,2,0,0.000,0,0.000,0,0.000,0,0.000,0,0.000"
"2019/06/26,com.foo.bar,SG,1,0,0.000,0,0.000,0,0.000,0,0.000,0,0.000"
"2019/06/26,com.foo.bar,TZ,1,1,1.000,1,1.000,0,0.000,0,0.000,0,0.000"
"2019/06/26,com.foo.bar,US,193,38,0.197,26,0.684,22,0.579,19,0.500,19,0.500"
"2019/06/27,com.foo.bar,AU,5,0,0.000,0,0.000,0,0.000,0,0.000,0,0.000"
"2019/06/27,com.foo.bar,BD,2,0,0.000,0,0.000,0,0.000,0,0.000,0,0.000"
"2019/06/27,com.foo.bar,BE,1,0,0.000,0,0.000,0,0.000,0,0.000,0,0.000"
"2019/06/27,com.foo.bar,CA,2,2,1.000,1,0.500,1,0.500,1,0.500,1,0.500"
"2019/06/27,com.foo.bar,CH,1,1,1.000,1,1.000,1,1.000,1,1.000,1,1.000"
"2019/06/27,com.foo.bar,CO,1,0,0.000,0,0.000,0,0.000,0,0.000,0,0.000"
"2019/06/27,com.foo.bar,DE,2,1,0.500,1,1.000,1,1.000,1,1.000,1,1.000"
"2019/06/27,com.foo.bar,ET,1,0,0.000,0,0.000,0,0.000,0,0.000,0,0.000"
"2019/06/27,com.foo.bar,FR,1,1,1.000,1,1.000,1,1.000,1,1.000,1,1.000"
"2019/06/27,com.foo.bar,GB,3,0,0.000,0,0.000,0,0.000,0,0.000,0,0.000"
"2019/06/27,com.foo.bar,IE,1,1,1.000,1,1.000,1,1.000,1,1.000,1,1.000"
"2019/06/27,com.foo.bar,IN,19,4,0.211,1,0.250,1,0.250,1,0.250,1,0.250"
"2019/06/27,com.foo.bar,IT,2,1,0.500,1,1.000,1,1.000,1,1.000,1,1.000"
"2019/06/27,com.foo.bar,KR,1,0,0.000,0,0.000,0,0.000,0,0.000,0,0.000"
"2019/06/27,com.foo.bar,KW,1,1,1.000,1,1.000,1,1.000,1,1.000,1,1.000"
"2019/06/27,com.foo.bar,MV,1,0,0.000,0,0.000,0,0.000,0,0.000,0,0.000"
"2019/06/27,com.foo.bar,MY,1,0,0.000,0,0.000,0,0.000,0,0.000,0,0.000"
"2019/06/27,com.foo.bar,NL,1,1,1.000,1,1.000,1,1.000,1,1.000,1,1.000"
"2019/06/27,com.foo.bar,PH,1,0,0.000,0,0.000,0,0.000,0,0.000,0,0.000"
"2019/06/27,com.foo.bar,PK,1,0,0.000,0,0.000,0,0.000,0,0.000,0,0.000"
"2019/06/27,com.foo.bar,RU,3,0,0.000,0,0.000,0,0.000,0,0.000,0,0.000"
"2019/06/27,com.foo.bar,SE,2,0,0.000,0,0.000,0,0.000,0,0.000,0,0.000"
"2019/06/27,com.foo.bar,SG,1,1,1.000,1,1.000,0,0.000,0,0.000,0,0.000"
"2019/06/27,com.foo.bar,TT,1,1,1.000,1,1.000,0,0.000,0,0.000,0,0.000"
"2019/06/27,com.foo.bar,TW,1,0,0.000,0,0.000,0,0.000,0,0.000,0,0.000"
"2019/06/27,com.foo.bar,US,154,47,0.305,35,0.745,29,0.617,27,0.574,23,0.489"
"2019/06/27,com.foo.bar,VN,1,0,0.000,0,0.000,0,0.000,0,0.000,0,0.000"
"2019/06/27,com.foo.bar,ZA,1,0,0.000,0,0.000,0,0.000,0,0.000,0,0.000"
"2019/06/28,com.foo.bar,AR,1,1,1.000,1,1.000,1,1.000,1,1.000,1,1.000"
"2019/06/28,com.foo.bar,AU,3,0,0.000,0,0.000,0,0.000,0,0.000,0,0.000"
",com.foo.bar,BR,1,0,0.000,0,0.000,0,0.000,0,0.000,0,0.000"
"2019/06/28,com.foo.bar,CA,6,1,0.167,1,1.000,1,1.000,1,1.000,1,1.000"
"2019/06/28,com.foo.bar,DE,2,0,0.000,0,0.000,0,0.000,0,0.000,0,0.000"
"2019/06/28,com.foo.bar,DZ,1,0,0.000,0,0.000,0,0.000,0,0.000,0,0.000"
"2019/06/28,com.foo.bar,FR,2,0,0.000,0,0.000,0,0.000,0,0.000,0,0.000"
"2019/06/28,com.foo.bar,GB,9,1,0.111,1,1.000,1,1.000,1,1.000,1,1.000"
"2019/06/28,com.foo.bar,GR,1,0,0.000,0,0.000,0,0.000,0,0.000,0,0.000"
"2019/06/28,com.foo.bar,ID,1,0,0.000,0,0.000,0,0.000,0,0.000,0,0.000"
"2019/06/28,com.foo.bar,IL,1,0,0.000,0,0.000,0,0.000,0,0.000,0,0.000"
"2019/06/28,com.foo.bar,IN,20,2,0.100,1,0.500,1,0.500,1,0.500,1,0.500"
"2019/06/28,com.foo.bar,IT,1,0,0.000,0,0.000,0,0.000,0,0.000,0,0.000"
"2019/06/28,com.foo.bar,LK,1,0,0.000,0,0.000,0,0.000,0,0.000,0,0.000"
"2019/06/28,com.foo.bar,MX,3,1,0.333,1,1.000,0,0.000,0,0.000,0,0.000"
"2019/06/28,com.foo.bar,NL,1,1,1.000,1,1.000,1,1.000,1,1.000,1,1.000"
"2019/06/28,com.foo.bar,NP,2,1,0.500,0,0.000,0,0.000,0,0.000,0,0.000"
"2019/06/28,com.foo.bar,NZ,2,1,0.500,1,1.000,1,1.000,1,1.000,1,1.000"
"2019/06/28,com.foo.bar,PH,2,0,0.000,0,0.000,0,0.000,0,0.000,0,0.000"
"2019/06/28,com.foo.bar,RE,1,0,0.000,0,0.000,0,0.000,0,0.000,0,0.000"
"2019/06/28,com.foo.bar,RU,1,0,0.000,0,0.000,0,0.000,0,0.000,0,0.000"
"2019/06/28,com.foo.bar,SG,1,1,1.000,0,0.000,0,0.000,0,0.000,0,0.000"
"2019/06/28,com.foo.bar,TR,1,0,0.000,0,0.000,0,0.000,0,0.000,0,0.000"
"2019/06/28,com.foo.bar,UA,1,0,0.000,0,0.000,0,0.000,0,0.000,0,0.000"
"2019/06/28,com.foo.bar,US,158,40,0.253,29,0.725,23,0.575,21,0.525,19,0.475"
"2019/06/29,com.foo.bar,AU,8,1,0.125,1,1.000,0,0.000,0,0.000,0,0.000"
"2019/06/29,com.foo.bar,BR,2,0,0.000,0,0.000,0,0.000,0,0.000,0,0.000"
"2019/06/29,com.foo.bar,CA,2,1,0.500,1,1.000,1,1.000,1,1.000,0,0.000"
"2019/06/29,com.foo.bar,DE,1,0,0.000,0,0.000,0,0.000,0,0.000,0,0.000"
"2019/06/29,com.foo.bar,DK,1,1,1.000,0,0.000,0,0.000,0,0.000,0,0.000"
"2019/06/29,com.foo.bar,DZ,1,0,0.000,0,0.000,0,0.000,0,0.000,0,0.000"
"2019/06/29,com.foo.bar,FR,1,0,0.000,0,0.000,0,0.000,0,0.000,0,0.000"
"2019/06/29,com.foo.bar,GB,4,0,0.000,0,0.000,0,0.000,0,0.000,0,0.000"
"2019/06/29,com.foo.bar,IE,1,1,1.000,1,1.000,1,1.000,1,1.000,1,1.000"
"2019/06/29,com.foo.bar,IN,12,2,0.167,1,0.500,1,0.500,0,0.000,0,0.000"
"2019/06/29,com.foo.bar,IQ,1,0,0.000,0,0.000,0,0.000,0,0.000,0,0.000"
"2019/06/29,com.foo.bar,KE,2,0,0.000,0,0.000,0,0.000,0,0.000,0,0.000"
"2019/06/29,com.foo.bar,KR,1,0,0.000,0,0.000,0,0.000,0,0.000,0,0.000"
"2019/06/29,com.foo.bar,MM,1,0,0.000,0,0.000,0,0.000,0,0.000,0,0.000"
"2019/06/29,com.foo.bar,MX,3,0,0.000,0,0.000,0,0.000,0,0.000,0,0.000"
"2019/06/29,com.foo.bar,MY,1,0,0.000,0,0.000,0,0.000,0,0.000,0,0.000"
"2019/06/29,com.foo.bar,NZ,1,0,0.000,0,0.000,0,0.000,0,0.000,0,0.000"
"2019/06/29,com.foo.bar,PK,1,0,0.000,0,0.000,0,0.000,0,0.000,0,0.000"
"2019/06/29,com.foo.bar,PY,1,0,0.000,0,0.000,0,0.000,0,0.000,0,0.000"
"2019/06/29,com.foo.bar,RU,1,0,0.000,0,0.000,0,0.000,0,0.000,0,0.000"
"2019/06/29,com.foo.bar,SE,1,1,1.000,1,1.000,1,1.000,1,1.000,1,1.000"
"2019/06/29,com.foo.bar,SG,2,0,0.000,0,0.000,0,0.000,0,0.000,0,0.000"
"2019/06/29,com.foo.bar,SY,1,0,0.000,0,0.000,0,0.000,0,0.000,0,0.000"
"2019/06/29,com.foo.bar,US,150,37,0.247,26,0.703,19,0.514,18,0.486,15,0.405"
"2019/06/30,com.foo.bar,AU,2,1,0.500,1,1.000,1,1.000,1,1.000,1,1.000"
"2019/06/30,com.foo.bar,BR,3,0,0.000,0,0.000,0,0.000,0,0.000,0,0.000"
"2019/06/30,com.foo.bar,CA,4,1,0.250,1,1.000,1,1.000,0,0.000,0,0.000"
"2019/06/30,com.foo.bar,DE,4,1,0.250,1,1.000,0,0.000,0,0.000,0,0.000"
"2019/06/30,com.foo.bar,FR,2,0,0.000,0,0.000,0,0.000,0,0.000,0,0.000"
"2019/06/30,com.foo.bar,GB,6,1,0.167,0,0.000,0,0.000,0,0.000,0,0.000"
"2019/06/30,com.foo.bar,ID,1,0,0.000,0,0.000,0,0.000,0,0.000,0,0.000"
"2019/06/30,com.foo.bar,IN,15,3,0.200,0,0.000,0,0.000,0,0.000,0,0.000"
"2019/06/30,com.foo.bar,JM,1,0,0.000,0,0.000,0,0.000,0,0.000,0,0.000"
"2019/06/30,com.foo.bar,KR,1,0,0.000,0,0.000,0,0.000,0,0.000,0,0.000"
"2019/06/30,com.foo.bar,MM,1,0,0.000,0,0.000,0,0.000,0,0.000,0,0.000"
"2019/06/30,com.foo.bar,MX,1,0,0.000,0,0.000,0,0.000,0,0.000,0,0.000"
"2019/06/30,com.foo.bar,MY,1,0,0.000,0,0.000,0,0.000,0,0.000,0,0.000"
"2019/06/30,com.foo.bar,MZ,1,0,0.000,0,0.000,0,0.000,0,0.000,0,0.000"
"2019/06/30,com.foo.bar,NL,1,0,0.000,0,0.000,0,0.000,0,0.000,0,0.000"
"2019/06/30,com.foo.bar,NZ,2,0,0.000,0,0.000,0,0.000,0,0.000,0,0.000"
"2019/06/30,com.foo.bar,OM,1,0,0.000,0,0.000,0,0.000,0,0.000,0,0.000"
"2019/06/30,com.foo.bar,PH,1,0,0.000,0,0.000,0,0.000,0,0.000,0,0.000"
"2019/06/30,com.foo.bar,RO,1,1,1.000,1,1.000,1,1.000,1,1.000,1,1.000"
"2019/06/30,com.foo.bar,TT,1,0,0.000,0,0.000,0,0.000,0,0.000,0,0.000"
"2019/06/30,com.foo.bar,UA,3,2,0.667,2,1.000,2,1.000,2,1.000,2,1.000"
"2019/06/30,com.foo.bar,,1,0,0.000,0,0.000,0,0.000,0,0.000,0,0.000"
"2019/06/30,com.foo.bar,US,153,41,0.268,27,0.659,25,0.610,20,0.488,15,0.366"
"2019/06/30,com.foo.bar,ZA,1,0,0.000,0,0.000,0,0.000,0,0.000,0,0.000"
"2019/06/30,com.foo.bar,,1,0,0.000,0,0.000,0,0.000,0,0.000,0,0.000"